추천일시,구분,티커,종목명,추천시_현재가,매수가,목표가,손절가,종합점수
2026-08-05 21:28,종가,005930,삼성전자,246000,243500,326300,207000,64.8
2026-08-05 21:28,종가,402340,SK스퀘어,1119000,1107800,1485600,799000,64.8
2026-08-05 21:28,종가,005380,현대차,404500,400500,540400,351000,62.1
2026-08-05 21:28,종가,108490,로보티즈,242000,232300,332000,158400,62.7
2026-08-05 21:28,종가,319660,피에스케이,127700,126400,164600,90600,56.1
2026-08-05 21:28,종가,087010,펩트론,171500,164600,226400,103600,53.6
2026-08-04 16:33,,402340,SK스퀘어,1060000,1049400,1590000,799000,68.1
2026-08-04 16:33,,005930,삼성전자,240000,237600,360000,207000,66.0
2026-08-04 16:33,,319660,피에스케이,126000,124700,189000,90600,63.4
